status	SUGGESTED_LANG	file_line	foreign_text	note_context
ambiguous	san-Latn?	638	-ṇv-	The cluster -ṇv- is most probably a corrupt for -ṇṭ-.
ambiguous	san-Latn?	638	-ṇṭ-	The cluster -ṇv- is most probably a corrupt for -ṇṭ-.
ambiguous	kaw-Latn?	641	sahana	The reading from  is not chosen due to the word sahana uses the n dental instead of ṇ retroflex.
ambiguous	kaw-Latn?	641	n	The reading from  is not chosen due to the word sahana uses the n dental instead of ṇ retroflex.
ambiguous	kaw-Latn?	641	ṇ	The reading from  is not chosen due to the word sahana uses the n dental instead of ṇ retroflex.
ambiguous	kaw-Latn?	819	śatā	Should the reading śatā from the  be taken?
ambiguous	san-Latn?	874	ṣaṇḍa	Perhaps LC was silently emending the word ṣaṇḍa, or perhaps he was simply misreading .
ambiguous	san-Latn?	1207	lvirniṅ chanda ta ṅaranya	The absence of this line in the  suggests that the scribe may have regarded the phrase lvirniṅ chanda ta ṅaranya as the 
ambiguous	san-Latn?	1207	pāda ṅaranya sakaṇḍa	The absence of this line in the  suggests that the scribe may have regarded the phrase lvirniṅ chanda ta ṅaranya as the 
ambiguous	san-Latn?	1380	vahi rat	The name vahi rat or vahiṅ rat has already been mentioned in [25], so that keeping its mention here is unnecessary.
ambiguous	san-Latn?	1380	vahiṅ rat	The name vahi rat or vahiṅ rat has already been mentioned in [25], so that keeping its mention here is unnecessary.
ambiguous	kaw-Latn?	1381	bhujaṅga	LC's conjectural restoration of bhujaṅgavijr̥mbhita relies on a fragmentary reading, bhujaṅga, in . In contrast, I consi
ambiguous	san-Latn?	1532	kleśa lvaṅ	LC has editorially misplaced the lacuna marker, placing it after the phrase kleśa lvaṅ instead of before the word pamūja
ambiguous	san-Latn?	1532	pamūjaṅku	LC has editorially misplaced the lacuna marker, placing it after the phrase kleśa lvaṅ instead of before the word pamūja
ambiguous	san-Latn?	1939	bhikṣuka	Based on its pattern, bhikṣuka is clearly the other name of rathoddhata.
ambiguous	san-Latn?	2572	niśśreyasa	It should it be read as niśśreyasa?
ambiguous	kaw-Latn?	2693	pāda	In the following stanzas, particularly from stanza 85 to 96, the first three lines presented are based on the reading fo
ambiguous	san-Latn?	2857	u	Instead of writing vr̥tti, vrətti is preferable here to keep the vowel u in jənu is validated as long syllable.
ambiguous	kaw-Latn?	2969	krūra ... karoha-rohan	I follow the reading of , , and  in which the sentence krūra ... karoha-rohan appears after the conclusion of the navanā
ambiguous	kaw-Latn?	2969	navanāṭya	I follow the reading of , , and  in which the sentence krūra ... karoha-rohan appears after the conclusion of the navanā
ambiguous	kaw-Latn?	2969	rasa	I follow the reading of , , and  in which the sentence krūra ... karoha-rohan appears after the conclusion of the navanā
ambiguous	kaw-Latn?	2969	krūra	I follow the reading of , , and  in which the sentence krūra ... karoha-rohan appears after the conclusion of the navanā
ambiguous	kaw-Latn?	2969	krūra	I follow the reading of , , and  in which the sentence krūra ... karoha-rohan appears after the conclusion of the navanā
ambiguous	kaw-Latn?	2969	navānaṭya	I follow the reading of , , and  in which the sentence krūra ... karoha-rohan appears after the conclusion of the navanā
ambiguous	kaw-Latn?	2985	vimaprabhaṅśa	This conjecture is based on the reading found on , which records vimaprabhaṅśa in the following section, specifically in
ambiguous	kaw-Latn?	2985	chedākṣara	This conjecture is based on the reading found on , which records vimaprabhaṅśa in the following section, specifically in
ambiguous	san-Latn?	3006	tar parasa	The phrase tar parasa is also founded on the Malat 16.70: tar parasa viramaniṅ kətur.
ambiguous	san-Latn?	3006	Malat	The phrase tar parasa is also founded on the Malat 16.70: tar parasa viramaniṅ kətur.
ambiguous	kaw-Latn?	3011	chedākṣara	On folio 20r-20v of , a rather extensive case of dittography appears in the section explaining the types of errors assoc
ambiguous	kaw-Latn?	3011	vimaprabhāṅśa	On folio 20r-20v of , a rather extensive case of dittography appears in the section explaining the types of errors assoc
ambiguous	kaw-Latn?	3011	vimānaprabhaṅga	On folio 20r-20v of , a rather extensive case of dittography appears in the section explaining the types of errors assoc
ambiguous	kaw-Latn?	3011	doṣa	On folio 20r-20v of , a rather extensive case of dittography appears in the section explaining the types of errors assoc
ambiguous	kaw-Latn?	3013	pa	There is a copying misunderstanding recorded in the  by its copyist (or perhaps by previous copyists) by writing consona
ambiguous	kaw-Latn?	3013	r̥	There is a copying misunderstanding recorded in the  by its copyist (or perhaps by previous copyists) by writing consona
ambiguous	kaw-Latn?	3013	r̥	There is a copying misunderstanding recorded in the  by its copyist (or perhaps by previous copyists) by writing consona
ambiguous	kaw-Latn?	3013	pangkon	There is a copying misunderstanding recorded in the  by its copyist (or perhaps by previous copyists) by writing consona
ambiguous	kaw-Latn?	3013	r̥	There is a copying misunderstanding recorded in the  by its copyist (or perhaps by previous copyists) by writing consona
ambiguous	kaw-Latn?	3013	r̥	There is a copying misunderstanding recorded in the  by its copyist (or perhaps by previous copyists) by writing consona
ambiguous	kaw-Latn?	3013	r	There is a copying misunderstanding recorded in the  by its copyist (or perhaps by previous copyists) by writing consona
ambiguous	kaw-Latn?	3014	okāra	It looks like that these are examples of words or wordings that are meaningless or ambiguous, so an editorial approach s
ambiguous	kaw-Latn?	3014	oṅkāra	It looks like that these are examples of words or wordings that are meaningless or ambiguous, so an editorial approach s
ambiguous	kaw-Latn?	3058	bhaṅga	LC misreads bhaṅga in  as jaṅga.
ambiguous	kaw-Latn?	3058	jaṅga	LC misreads bhaṅga in  as jaṅga.
ambiguous	kaw-Latn?	3061	taruṅ	With regard to the reading in , the scribe or perhaps a predecessor has misunderstood the taruṅ sign as paṅkon.
ambiguous	kaw-Latn?	3061	paṅkon	With regard to the reading in , the scribe or perhaps a predecessor has misunderstood the taruṅ sign as paṅkon.
ambiguous	san-Latn?	3095	siddhyālobha	Should be emended as siddhyālobha?
ambiguous	san-Latn?	3095	hinalpa	All sources consider hinalpa as the passive form from halpa.
ambiguous	san-Latn?	3095	halpa	All sources consider hinalpa as the passive form from halpa.
ambiguous	san-Latn?	3121	svargasthām	The form svargasthām is uncommon in OJ. It could be svargasthān, but the next word, pəjaha which is started by consonant
ambiguous	san-Latn?	3121	svargasthān	The form svargasthām is uncommon in OJ. It could be svargasthān, but the next word, pəjaha which is started by consonant
ambiguous	kaw-Latn?	3121	pa	The form svargasthām is uncommon in OJ. It could be svargasthān, but the next word, pəjaha which is started by consonant
ambiguous	kaw-Latn?	3121	n	The form svargasthām is uncommon in OJ. It could be svargasthān, but the next word, pəjaha which is started by consonant
ambiguous	san-Latn?	3121	svargasthān	The form svargasthām is uncommon in OJ. It could be svargasthān, but the next word, pəjaha which is started by consonant
ambiguous	kaw-Latn?	3121	m	The form svargasthām is uncommon in OJ. It could be svargasthān, but the next word, pəjaha which is started by consonant
ambiguous	kaw-Latn?	3263	la	This conjecture is based on the assumption that in some cases the letter la could be paleographically similar to sa if t
ambiguous	kaw-Latn?	3263	sa	This conjecture is based on the assumption that in some cases the letter la could be paleographically similar to sa if t
ambiguous	san-Latn?	3263	kubdha	This conjecture is based on the assumption that in some cases the letter la could be paleographically similar to sa if t
ambiguous	san-Latn?	3294	gaṇa	This reading is still doubtful, as it is unusual to put gaṇa in passive form. It might be from base-word gān, but in any
ambiguous	san-Latn?	3294	gān	This reading is still doubtful, as it is unusual to put gaṇa in passive form. It might be from base-word gān, but in any
ambiguous	kaw-Latn?	3294	-a	This reading is still doubtful, as it is unusual to put gaṇa in passive form. It might be from base-word gān, but in any
ambiguous	kaw-Latn?	3294	-in-	This reading is still doubtful, as it is unusual to put gaṇa in passive form. It might be from base-word gān, but in any
ambiguous	san-Latn?	3396	pāda	The suggested emendation by LC continues to render this pāda unmetrical.
ambiguous	san-Latn?	3528	śarva	Normally, I apply direct normalisation without accounting for sibilant letters as variants. However, given the circumsta
ambiguous	san-Latn?	3528	sarva	Normally, I apply direct normalisation without accounting for sibilant letters as variants. However, given the circumsta
ambiguous	san-Latn?	3528	śarva	Normally, I apply direct normalisation without accounting for sibilant letters as variants. However, given the circumsta
ambiguous	san-Latn?	3528	sarva	Normally, I apply direct normalisation without accounting for sibilant letters as variants. However, given the circumsta
ambiguous	san-Latn?	3614	parameṣṭhī	We can not accept LC's reading since he reads parameṣṭhī as prameṣṭha in  in lacking the vowel i in that word's last cha
ambiguous	san-Latn?	3614	prameṣṭha	We can not accept LC's reading since he reads parameṣṭhī as prameṣṭha in  in lacking the vowel i in that word's last cha
ambiguous	kaw-Latn?	3614	i	We can not accept LC's reading since he reads parameṣṭhī as prameṣṭha in  in lacking the vowel i in that word's last cha
ambiguous	san-Latn?	3614	parameṣṭhī	We can not accept LC's reading since he reads parameṣṭhī as prameṣṭha in  in lacking the vowel i in that word's last cha
ambiguous	san-Latn?	3614	pratiṣṭhita	We can not accept LC's reading since he reads parameṣṭhī as prameṣṭha in  in lacking the vowel i in that word's last cha
ambiguous	san-Latn?	3627	adrija	Synonyms of Umā







parameśvarī, bhavānībhagaṇibhaganī,
bhairavīceravi,
caṇḍī, caṇḍikācaṅgiḥ, śaṅgiḥcaṅgīḥ, śaṅgīcabś
ambiguous	san-Latn?	3627	adraja	Synonyms of Umā







parameśvarī, bhavānībhagaṇibhaganī,
bhairavīceravi,
caṇḍī, caṇḍikācaṅgiḥ, śaṅgiḥcaṅgīḥ, śaṅgīcabś
ambiguous	kaw-Latn?	3646	a	It is highly likely that all Javanese scribes read the letter a as su.
ambiguous	kaw-Latn?	3646	su	It is highly likely that all Javanese scribes read the letter a as su.
ambiguous	san-Latn?	3650	mahiṣamardiṇī	The word mahiṣamardiṇī is LC's silent conjecture.
ambiguous	san-Latn?	3652	aśarīrā	Should it be read aśarīrā?
ambiguous	san-Latn?	3696	viśvasr̥ṭ	In his critical apparatus, LC misreads viśvasr̥ṭ in  as viśvaśr̥k.
ambiguous	san-Latn?	3696	viśvaśr̥k	In his critical apparatus, LC misreads viśvasr̥ṭ in  as viśvaśr̥k.
ambiguous	san-Latn?	3705	viśvaga	Should it be read viśvaga?
ambiguous	san-Latn?	3723	antardahana	Should it be read as antardahana?
ambiguous	san-Latn?	3833	śauri	Should it be read as śauri?
ambiguous	san-Latn?	3834	puṇḍarīkākṣa	The term puṇḍarīkākṣa is LC's silent emendation and we do not need the two of puṇḍarīkākṣa in this list.
ambiguous	san-Latn?	3834	puṇḍarīkākṣa	The term puṇḍarīkākṣa is LC's silent emendation and we do not need the two of puṇḍarīkākṣa in this list.
ambiguous	san-Latn?	3841	dhanañjaya	Should it be read as dhanañjaya?
ambiguous	san-Latn?	3843	vr̥ṣākapi	Should we eliminate vr̥ṣākapi to avoid redundancy?
ambiguous	san-Latn?	3914	sutrāmā gotrabhidvajrī vāsavo vr̥trahā vr̥ṣā	Cf. AK 1.1.42cd: sutrāmā gotrabhidvajrī vāsavo vr̥trahā vr̥ṣā.
ambiguous	san-Latn?	3962	taraṣa	The word taraṣa in  should ideally be absent, as is evident in its corresponding verses. It is plausible that the scribe
ambiguous	san-Latn?	3962	hari	The word taraṣa in  should ideally be absent, as is evident in its corresponding verses. It is plausible that the scribe
ambiguous	kaw-Latn?	4031	vaśta	In his critical apparatus, LC misreads vaśtu bhaskaraḥ in  as vaśta bhaskaraḥ and he makes a conjecture by eleminating v
ambiguous	kaw-Latn?	4145	kr̥ṣṇavatta	In his critical apparatus, LC misreads kr̥ṣṇavatta in  as kr̥ṣṇavartmā.
ambiguous	kaw-Latn?	4145	kr̥ṣṇavartmā	In his critical apparatus, LC misreads kr̥ṣṇavatta in  as kr̥ṣṇavartmā.
ambiguous	kaw-Latn?	4147	avibhut	LC does not include the reading avibhut from  in his critical apparatus.
ambiguous	kaw-Latn?	4150	kupiṭayoni	In his critical apparatus, LC misreads kupiṭayoni in  as kupidayoni.
ambiguous	kaw-Latn?	4150	kupidayoni	In his critical apparatus, LC misreads kupiṭayoni in  as kupidayoni.
ambiguous	san-Latn?	4371	revatīramaṇa	These synonyms amount to 18, as revatīramaṇa is recorded as two distinct terms – revatī and rāmana (or bhamaṇa in  and )
ambiguous	san-Latn?	4371	revatī	These synonyms amount to 18, as revatīramaṇa is recorded as two distinct terms – revatī and rāmana (or bhamaṇa in  and )
ambiguous	san-Latn?	4371	rāmana	These synonyms amount to 18, as revatīramaṇa is recorded as two distinct terms – revatī and rāmana (or bhamaṇa in  and )
ambiguous	san-Latn?	4371	bhamaṇa	These synonyms amount to 18, as revatīramaṇa is recorded as two distinct terms – revatī and rāmana (or bhamaṇa in  and )
ambiguous	san-Latn?	4431	aiḍaviḍa	Should it be aiḍaviḍa?
ambiguous	san-Latn?	4484	viśvaketu,	The actual conjectural reading provided by LC is viśvaketu,.
ambiguous	san-Latn?	4533	ekakālena	Should it be ekakālena?
ambiguous	kaw-Latn?	4544	tarāpati	LC misreads tarāpati in  as tararpati.
ambiguous	kaw-Latn?	4544	tararpati	LC misreads tarāpati in  as tararpati.
ambiguous	san-Latn?	4572	ekayoktyā puṣpavantau divākaraniśākarau ||	AK 1.4.10cd: ekayoktyā puṣpavantau divākaraniśākarau ||
ambiguous	san-Latn?	4622	trava	LC overlooks trava in , making kravyād as his conjectural reading.
ambiguous	san-Latn?	4622	kravyād	LC overlooks trava in , making kravyād as his conjectural reading.
ambiguous	kaw-Latn?	4729	dharmasū	LC misreads dharmasū in  as dharmadhū.
ambiguous	kaw-Latn?	4729	dharmadhū	LC misreads dharmasū in  as dharmadhū.
ambiguous	kaw-Latn?	4827	nekaja	LC misreads nekaja in  as neḥkajaḥ.
ambiguous	kaw-Latn?	5225	vaṅu	LC misreads vaṅu in  as vaḍu.
ambiguous	kaw-Latn?	5225	vaḍu	LC misreads vaṅu in  as vaḍu.
ambiguous	san-Latn?	5265	prativājaka	LC does not report the supply of word prativājaka in his edition.
ambiguous	kaw-Latn?	5451	kulaṭi, kehniṅ	LC misreads kulaṭi, kehniṅ in  as kuladikehniṅ.
ambiguous	kaw-Latn?	5451	kuladikehniṅ	LC misreads kulaṭi, kehniṅ in  as kuladikehniṅ.
ambiguous	san-Latn?	5457	prava	Should it be read prava?
ambiguous	san-Latn?	5457	phalakhelā	Should it be read phalakhelā?
ambiguous	san-Latn?	5469	vilpusa	In Modern Javanese, there is the word vilpusa which is a synonym for kuvuk. It might be an error for Skt. śitpuṭa.
ambiguous	san-Latn?	5469	kuvuk	In Modern Javanese, there is the word vilpusa which is a synonym for kuvuk. It might be an error for Skt. śitpuṭa.
ambiguous	san-Latn?	5469	śitpuṭa	In Modern Javanese, there is the word vilpusa which is a synonym for kuvuk. It might be an error for Skt. śitpuṭa.
ambiguous	kaw-Latn?	5504	stambairama	LC misreads stambairama in  as stambai.
ambiguous	kaw-Latn?	5504	stambai	LC misreads stambairama in  as stambai.
ambiguous	kaw-Latn?	5504	in	The Skt. suffix -in, though markedly improbable in preservation within OJ, is nonetheless presented by  in a manner fait
ambiguous	kaw-Latn?	5504	caraṇe	LC misreads caraṇe in  as carano.
ambiguous	kaw-Latn?	5504	carano	LC misreads caraṇe in  as carano.
ambiguous	san-Latn?	5521	puṇḍarīka	Should it be read puṇḍarīka?
ambiguous	san-Latn?	5521	matta	Should be read matta?
ambiguous	kaw-Latn?	5577	kuryah	This passage is similar with those from NMā 90cd &amp; VaiJ 3.4.52ab (see the paralel below). Regarding the eye-skip in 
ambiguous	san-Latn?	5607	vāśrā	An alternative emendation would be vāśrā. However, vaśyā and bandhyā might be plausible other options (see ŚRĀv p.146). 
ambiguous	san-Latn?	5607	vaśyā	An alternative emendation would be vāśrā. However, vaśyā and bandhyā might be plausible other options (see ŚRĀv p.146). 
ambiguous	san-Latn?	5607	bandhyā	An alternative emendation would be vāśrā. However, vaśyā and bandhyā might be plausible other options (see ŚRĀv p.146). 
ambiguous	san-Latn?	5607	vandyā	An alternative emendation would be vāśrā. However, vaśyā and bandhyā might be plausible other options (see ŚRĀv p.146). 
ambiguous	san-Latn?	5607	kalyāṇī	Another imaginable emendation would be kalyāṇī.
ambiguous	san-Latn?	5610	māheyī saurabheyī gaur usrā mātā ca śr̥ṅgiṇī || arjuny aghnyā rohiṇī syād uttamā goṣu naicikī |	AK 2.9.66cd–67ab:māheyī saurabheyī gaur usrā mātā ca śr̥ṅgiṇī || arjuny aghnyā rohiṇī syād uttamā goṣu naicikī |
ambiguous	san-Latn?	5611	aghnyā gaur māheyī surabhir bahulā ca saurabheyī ca | usrārjunī ca rohiṇy uktānaḍuhī budhair anaḍvāhī ||	AbhRM 268: aghnyā gaur māheyī surabhir bahulā ca saurabheyī ca | usrārjunī ca rohiṇy uktānaḍuhī budhair anaḍvāhī ||
ambiguous	san-Latn?	5613	arjuny aghnyā rohiṇī saurabheyī māheyyusrā śr̥ṅgiṇī gauś ca mātā |	ŚRĀk 749cd: arjuny aghnyā rohiṇī saurabheyī māheyyusrā śr̥ṅgiṇī gauś ca mātā |
ambiguous	san-Latn?	5614	vaśyā bandhyā saiva gavī vehad garbho padhātinī ||	ŚRĀv p.146: vaśyā bandhyā saiva gavī vehad garbho padhātinī ||
ambiguous	san-Latn?	5711	śilīmukhaś ca	This emendatiion is bold, but for now we see no other solution to the metrical problem of the transmitted reading śilīmu
ambiguous	san-Latn?	5796	toyanidhi	Should it be toyanidhi as it is attested in AbhRM 652?
ambiguous	kaw-Latn?	5840	niṣadha	In  &amp; , niṣadha is mentioned later, exactly after mālyāvan. The reading from  and  is selected on the basis that Niṣ
ambiguous	kaw-Latn?	5840	mālyāvan	In  &amp; , niṣadha is mentioned later, exactly after mālyāvan. The reading from  and  is selected on the basis that Niṣ
ambiguous	san-Latn?	5885	karaphala	Despite the attestations of karaphala in  and kāraphala in , the conjectural reading proposed in  is maintained here, si
ambiguous	san-Latn?	5885	kāraphala	Despite the attestations of karaphala in  and kāraphala in , the conjectural reading proposed in  is maintained here, si
ambiguous	san-Latn?	5926	śr̥ṅgaja	Should it be read as śr̥ṅgaja?
ambiguous	san-Latn?	5986	locaka	Should it be read as locaka?
ambiguous	san-Latn?	6003	mudgara	As mentioned in LC's note, should it be read as mudgara?
ambiguous	kaw-Latn?	6015	vighnahara	LC's vighnahara might be his silent emendation, or he simply misreads vighnakara in  as vighnahara.
ambiguous	kaw-Latn?	6015	vighnakara	LC's vighnahara might be his silent emendation, or he simply misreads vighnakara in  as vighnahara.
ambiguous	kaw-Latn?	6015	vighnahara	LC's vighnahara might be his silent emendation, or he simply misreads vighnakara in  as vighnahara.
ambiguous	kaw-Latn?	6015	vināyaka	The reading vināyaka in the  is a reconstruction established based on the incompleted reading vi in . It seems that LC d
ambiguous	kaw-Latn?	6015	vi	The reading vināyaka in the  is a reconstruction established based on the incompleted reading vi in . It seems that LC d
ambiguous	kaw-Latn?	6015	vighnāntaka	The reading vināyaka in the  is a reconstruction established based on the incompleted reading vi in . It seems that LC d
ambiguous	kaw-Latn?	6110	agyajanma	LC misreads agyajanma in  as agrajanmā.
ambiguous	kaw-Latn?	6110	agrajanmā	LC misreads agyajanma in  as agrajanmā.
ambiguous	kaw-Latn?	6110	deta	LC misreads deta in  as devata.
ambiguous	kaw-Latn?	6110	devata	LC misreads deta in  as devata.
ambiguous	san-Latn?	6157	urvī	Rather than repeating urvī, which has already appeared earlier in the list, it may be more appropriate to supply uru at 
ambiguous	san-Latn?	6157	uru	Rather than repeating urvī, which has already appeared earlier in the list, it may be more appropriate to supply uru at 
ambiguous	san-Latn?	6157	śailadhārā	For śailadhārā, see parvatādhārā in AbhRM 935–938ab
ambiguous	san-Latn?	6157	parvatādhārā	For śailadhārā, see parvatādhārā in AbhRM 935–938ab
ambiguous	san-Latn?	6199	śikhaṇḍī	It appears that the scribe(s) faced confusion in distinguishing the spellings of śikhaṇḍī, śikhaṇḍa, and śikhaṇḍinī, lea
ambiguous	san-Latn?	6199	śikhaṇḍa	It appears that the scribe(s) faced confusion in distinguishing the spellings of śikhaṇḍī, śikhaṇḍa, and śikhaṇḍinī, lea
ambiguous	san-Latn?	6199	śikhaṇḍinī	It appears that the scribe(s) faced confusion in distinguishing the spellings of śikhaṇḍī, śikhaṇḍa, and śikhaṇḍinī, lea
ambiguous	kaw-Latn?	6220	dumra	LC misreads dumra in  as druma which prompted him to emend it to droṇa.
ambiguous	kaw-Latn?	6220	druma	LC misreads dumra in  as druma which prompted him to emend it to droṇa.
ambiguous	kaw-Latn?	6220	droṇa	LC misreads dumra in  as druma which prompted him to emend it to droṇa.
ambiguous	kaw-Latn?	6220	kag	I suspect that  and  show disparate readings due to the presence of two distinct words in the original, eye-skip leading
ambiguous	kaw-Latn?	6220	taruṅ	I suspect that  and  show disparate readings due to the presence of two distinct words in the original, eye-skip leading
ambiguous	kaw-Latn?	6220	paṅkon	I suspect that  and  show disparate readings due to the presence of two distinct words in the original, eye-skip leading
ambiguous	san-Latn?	6222	kaṅkeru	Should it be read as kaṅkeru?
ambiguous	san-Latn?	6258	kulyā	Should it be kulyā?
ambiguous	san-Latn?	6304	kopakrodhāmarṣaroṣapratighā ruṭkrudhau striyau |	AK 1.7.26ab: kopakrodhāmarṣaroṣapratighā ruṭkrudhau striyau |
ambiguous	san-Latn?	6306	manyur dainye kratau kope nāḍīsvargakṣitiṣv iḍā ||	AbhRM 846: manyur dainye kratau kope nāḍīsvargakṣitiṣv iḍā ||
ambiguous	san-Latn?	6347	gaṇikā lañjikā veśyā rūpājīvā vilāsinī | paṇyastrī dārikā dāsī kāmukī sarvavallabhā ||	NM 36: gaṇikā lañjikā veśyā rūpājīvā vilāsinī | paṇyastrī dārikā dāsī kāmukī sarvavallabhā ||
ambiguous	san-Latn?	6410	ayun	Or, should it be read as OJ ayun?
ambiguous	san-Latn?	6410	vivāda	Could it be vivāda?
ambiguous	san-Latn?	6444	sutra	Should it be read as sutra?
ambiguous	san-Latn?	6508	jñānadīrgha	Should it be read as jñānadīrgha?
ambiguous	san-Latn?	6513	dr̥gdr̥ṣṭinetralocanacakṣurnayanāmbakekṣaṇākṣīṇi |	AbhRM 519: dr̥gdr̥ṣṭinetralocanacakṣurnayanāmbakekṣaṇākṣīṇi |
ambiguous	san-Latn?	6531	pratigrāhe mukurātmadarśādarśās tu darpaṇe |	AbhCM 684ab: pratigrāhe mukurātmadarśādarśās tu darpaṇe |
ambiguous	san-Latn?	6577	ūrdhvaka	Should it be read ūrdhvaka?
ambiguous	san-Latn?	6606	prekṣā prajñā pratibhā dhīrdhiṣaṇā śemuṣī manīṣā ca |	AbhRM 334ab: prekṣā prajñā pratibhā dhīrdhiṣaṇā śemuṣī manīṣā ca |
ambiguous	san-Latn?	6607	saralo dakṣiṇo jñeyo vidagdhaś cheka ucyate |	AbhRM 385ab: saralo dakṣiṇo jñeyo vidagdhaś cheka ucyate |
ambiguous	san-Latn?	6622	vyāja	Should it be vyāja?
ambiguous	san-Latn?	6641	śūro vīraś ca vikrānto bhaṭaś cārabhaṭo bhavet |	AbhRM 354ab: śūro vīraś ca vikrānto bhaṭaś cārabhaṭo bhavet |
ambiguous	san-Latn?	6657	kvaṇana	Should it be read as kvaṇana?
ambiguous	san-Latn?	6677	kātarya	Should it be read as kātarya?
ambiguous	san-Latn?	6705	kiñcid īṣan manāg alpe pretyāmutra bhavāntare ||	AK 3.4.8cd: kiñcid īṣan manāg alpe pretyāmutra bhavāntare ||
ambiguous	san-Latn?	6709	kitiha syāt sampradāye pretyāmutra bhavāntare |	AbhRM 877ab: kitiha syāt sampradāye pretyāmutra bhavāntare |
ambiguous	san-Latn?	6736	jīve 'sujīvitaprāṇā jīvātur jīvanauṣadham ||	AbhCM 1367cd: jīve 'sujīvitaprāṇā jīvātur jīvanauṣadham ||
ambiguous	kaw-Latn?	6772	susādhana	LC misreads susādhana in  as susaṅdhana.
ambiguous	kaw-Latn?	6772	susaṅdhana	LC misreads susādhana in  as susaṅdhana.
ambiguous	kaw-Latn?	6772	śola, vr̥ka	LC misreads śola, vr̥ka in  as śolavr̥ka.
ambiguous	kaw-Latn?	6772	śolavr̥ka	LC misreads śola, vr̥ka in  as śolavr̥ka.
ambiguous	san-Latn?	6828	sindhu	Mss.  and  insert a substantial interpolation between the words sindhu and tvak, encompassing several terms associated w
ambiguous	san-Latn?	6828	tvak	Mss.  and  insert a substantial interpolation between the words sindhu and tvak, encompassing several terms associated w
ambiguous	san-Latn?	6828	dravina	Mss.  and  insert a substantial interpolation between the words sindhu and tvak, encompassing several terms associated w
ambiguous	kaw-Latn?	6866	pratipadaśidi	LC misreads pratipadaśidi in  as pratipadaśini.
ambiguous	kaw-Latn?	6866	pratipadaśini	LC misreads pratipadaśidi in  as pratipadaśini.
ambiguous	kaw-Latn?	6896	kṣaṇaprabhā	LC misreads kṣaṇaprabhā in  as kṣaṇapraha.
ambiguous	kaw-Latn?	6896	kṣaṇapraha	LC misreads kṣaṇaprabhā in  as kṣaṇapraha.
ambiguous	kaw-Latn?	6905	tiṭit	LC misreads tiṭit in  as taṭit.
ambiguous	kaw-Latn?	6905	taṭit	LC misreads tiṭit in  as taṭit.
ambiguous	san-Latn?	6945	Amaramālā	It appears that the adapter of Skt. Amaramālā unintentionally, or perhaps consciously, copied the conjunction caiva into
ambiguous	san-Latn?	6945	caiva	It appears that the adapter of Skt. Amaramālā unintentionally, or perhaps consciously, copied the conjunction caiva into
ambiguous	san-Latn?	6979	maṇḍuka	The scribe of  made a copying error by inadvertently copying the word maṇḍuka (Skt. maṇḍūka), which is a synonym for a f
ambiguous	san-Latn?	6979	maṇḍūka	The scribe of  made a copying error by inadvertently copying the word maṇḍuka (Skt. maṇḍūka), which is a synonym for a f
ambiguous	san-Latn?	6982	r̥kṣācchabhallabhallūkā gaṇḍake khaḍgakhaḍginau |	AK 2.5.4ab:r̥kṣācchabhallabhallūkā gaṇḍake khaḍgakhaḍginau |
ambiguous	san-Latn?	6996	koka	Should it be read as koka?
ambiguous	san-Latn?	6999	r̥kṣācchabhallabhallūkā gaṇḍake khaḍgakhaḍginau |	AK 2.5.4ab:r̥kṣācchabhallabhallūkā gaṇḍake khaḍgakhaḍginau |
ambiguous	san-Latn?	7053	vāralā varalā haṁsī vāraṭā varaṭā ca sā ||	AbhCM 1327cd: vāralā varalā haṁsī vāraṭā varaṭā ca sā ||
ambiguous	san-Latn?	7066	hantakāra	Should it be read as hantakāra?
ambiguous	san-Latn?	7123	bilve śāṇḍilyaśailūṣau mālūraśrīphalāv api |	AK 2.4.32ab:bilve śāṇḍilyaśailūṣau mālūraśrīphalāv api |
ambiguous	san-Latn?	7264	puṁsyuttaṁsāvataṁsau dvau karṇapūre 'pi śekhare ||	AK 3.3.228cd:puṁsyuttaṁsāvataṁsau dvau karṇapūre 'pi śekhare ||
ambiguous	san-Latn?	7311	viṣvaksenā gandhaphalī kārambhā priyakaś ca sā |	AK 2.4.56ab:viṣvaksenā gandhaphalī kārambhā priyakaś ca sā |
ambiguous	san-Latn?	7331	mālatī kathyate jātir māgadhī yūthikā tathā |	AbhRM 205cd:mālatī kathyate jātir māgadhī yūthikā tathā |
ambiguous	kaw-Latn?	7345	śatgaṇa	LC misreads śatgaṇa in  as śaṅgaṇṇa.
ambiguous	kaw-Latn?	7345	śaṅgaṇṇa	LC misreads śatgaṇa in  as śaṅgaṇṇa.
ambiguous	san-Latn?	7396	dhārādhara	Should it be read as dhārādhara?
ambiguous	san-Latn?	7430	dartya	The reading dartya is unacceptable and must be corrupt for tārkṣya, as the latter word is found in all relevant kośa lis
ambiguous	san-Latn?	7430	tārkṣya	The reading dartya is unacceptable and must be corrupt for tārkṣya, as the latter word is found in all relevant kośa lis
ambiguous	san-Latn?	7430	kośa	The reading dartya is unacceptable and must be corrupt for tārkṣya, as the latter word is found in all relevant kośa lis
ambiguous	san-Latn?	7450	kalāpī	The word kalāpī and barhī are better preserved in the mss. there.
ambiguous	san-Latn?	7450	barhī	The word kalāpī and barhī are better preserved in the mss. there.
ambiguous	san-Latn?	7520	dvau prāvārottarāsaṅgau samau br̥hatikā tathā ||	AK 2.6.117cd: dvau prāvārottarāsaṅgau samau br̥hatikā tathā ||
ambiguous	san-Latn?	7522	vaikakṣe prāvārottarāsaṅgau br̥hatikāpi ca |	AbhCM 672ab: vaikakṣe prāvārottarāsaṅgau br̥hatikāpi ca |
ambiguous	san-Latn?	7600	nadhira ṅa paruṅpuṅ, kāśa ṅa galagah	The phrase nadhira ṅa paruṅpuṅ, kāśa ṅa galagah in  &amp;  should be deleted here, because this text is available in the
ambiguous	kaw-Latn?	7649	sumpiṅ	The term sumpiṅ is typically recognized as a Javanese word denoting an ear ornament shaped like a flower, designed to be
ambiguous	kaw-Latn?	7649	śaya, ṅa sumpiṅ	The term sumpiṅ is typically recognized as a Javanese word denoting an ear ornament shaped like a flower, designed to be
ambiguous	kaw-Latn?	7649	sumpiṅ	The term sumpiṅ is typically recognized as a Javanese word denoting an ear ornament shaped like a flower, designed to be
ambiguous	kaw-Latn?	7649	muṣṭi	The term sumpiṅ is typically recognized as a Javanese word denoting an ear ornament shaped like a flower, designed to be
ambiguous	san-Latn?	7688	sadharmi	Another possible emendation is sadharmi; however, this creates confusion as sadharmi refers to the owner of the house, n
ambiguous	san-Latn?	7688	sadharmi	Another possible emendation is sadharmi; however, this creates confusion as sadharmi refers to the owner of the house, n
ambiguous	san-Latn?	7735	veni-preveni	Cf. veni-preveni in Synonyms of Hair
ambiguous	san-Latn?	7756	dvau prāvārottarāsaṅgau samau br̥hatikā tathā ||	AK 2.6.117cd: dvau prāvārottarāsaṅgau samau br̥hatikā tathā ||
ambiguous	san-Latn?	7758	vaikakṣe prāvārottarāsaṅgau br̥hatikāpi ca |	AbhCM 672ab: vaikakṣe prāvārottarāsaṅgau br̥hatikāpi ca |
ambiguous	san-Latn?	7788	taraṅge bhaṅgavīcyūrmyutkalikā mahati tviha |	AbhCM 1075cd: taraṅge bhaṅgavīcyūrmyutkalikā mahati tviha |
ambiguous	san-Latn?	7862	dāsī	Since the following term dāsī is followed by a form erroneously modified with the addition of the suffix -ra, I infer th
ambiguous	san-Latn?	7862	-ra	Since the following term dāsī is followed by a form erroneously modified with the addition of the suffix -ra, I infer th
ambiguous	san-Latn?	7862	vahni	Since the following term dāsī is followed by a form erroneously modified with the addition of the suffix -ra, I infer th
ambiguous	san-Latn?	7862	vahni	Since the following term dāsī is followed by a form erroneously modified with the addition of the suffix -ra, I infer th
ambiguous	san-Latn?	7923	pāṇau capeṭapratalaprahastā vistr̥tāṅgulau ||	AK 2.6.84cd: pāṇau capeṭapratalaprahastā vistr̥tāṅgulau ||
ambiguous	san-Latn?	7939	aṅguriś cāṅgulo 'ṅguṣṭhas tarjanī tu pradeśinī ||	AbhCM 592cd: aṅguriś cāṅgulo 'ṅguṣṭhas tarjanī tu pradeśinī ||
ambiguous	san-Latn?	7952	aṅguriś cāṅgulo 'ṅguṣṭhas tarjanī tu pradeśinī ||	AbhCM 592cd: aṅguriś cāṅgulo 'ṅguṣṭhas tarjanī tu pradeśinī ||
ambiguous	san-Latn?	7966	aṅguriś cāṅgulo 'ṅguṣṭhas tarjanī tu pradeśinī ||	AbhCM 592cd: aṅguriś cāṅgulo 'ṅguṣṭhas tarjanī tu pradeśinī ||
ambiguous	san-Latn?	7967	jyeṣṭhā tu madhyamā madhyā sāvitrī syād anāmikā |	AbhCM 593ab: jyeṣṭhā tu madhyamā madhyā sāvitrī syād anāmikā |
ambiguous	san-Latn?	7979	prādeśatālagokarṇās tarjanyādiyute tate ||	AK 2.6.83cd: prādeśatālagokarṇās tarjanyādiyute tate ||
ambiguous	san-Latn?	7981	jyeṣṭhā tu madhyamā madhyā sāvitrī syād anāmikā |	AbhCM 593ab: jyeṣṭhā tu madhyamā madhyā sāvitrī syād anāmikā |
ambiguous	san-Latn?	7982	prādeśatālagokarṇavitastayo yathākramam ||	AbhCM 595cd: prādeśatālagokarṇavitastayo yathākramam ||
ambiguous	san-Latn?	7995	prādeśatālagokarṇavitastayo yathākramam ||	AbhCM 595cd: prādeśatālagokarṇavitastayo yathākramam ||
ambiguous	san-Latn?	8004	pādagranthau kulphagulphau ghuṭiko ghuṇṭaghuṇṭakau ||	ŚRĀk p. 203.185cd: pādagranthau kulphagulphau ghuṭiko ghuṇṭaghuṇṭakau ||
ambiguous	kaw-Latn?	8024	varoru	I think that the reading after varoru is a synonym for the word "like," which is clearly irrelevant as a synonym for "th
ambiguous	kaw-Latn?	8024	pratikāśa	I think that the reading after varoru is a synonym for the word "like," which is clearly irrelevant as a synonym for "th
ambiguous	kaw-Latn?	8024	ukti	I think that the reading after varoru is a synonym for the word "like," which is clearly irrelevant as a synonym for "th
ambiguous	kaw-Latn?	8024	rūpa	I think that the reading after varoru is a synonym for the word "like," which is clearly irrelevant as a synonym for "th
ambiguous	kaw-Latn?	8024	nikāsa	I think that the reading after varoru is a synonym for the word "like," which is clearly irrelevant as a synonym for "th
ambiguous	kaw-Latn?	8024	upama	I think that the reading after varoru is a synonym for the word "like," which is clearly irrelevant as a synonym for "th
ambiguous	san-Latn?	8041	jaṅghā tu prasr̥tā jānūruparvāṣṭhīvadastriyām ||	AK 2.6.72cd: jaṅghā tu prasr̥tā jānūruparvāṣṭhīvadastriyām ||
ambiguous	san-Latn?	8056	jaṅghā tu prasr̥tā jānūruparvāṣṭhīvadastriyām ||	AK 2.6.72cd: jaṅghā tu prasr̥tā jānūruparvāṣṭhīvadastriyām ||
ambiguous	san-Latn?	8058	kapolī tvagrimo jaṅghā prasr̥tā nalakiny api ||	AbhCM 614cd: kapolī tvagrimo jaṅghā prasr̥tā nalakiny api ||
ambiguous	san-Latn?	8102	gaṇḍa	A conjectural omission has been made for the words following gaṇḍa, since their identity remains unclear at this stage.
ambiguous	san-Latn?	8137	radanā daśanā dantā radāstālu tu kākudam |	AK 2.6.91ab: radanā daśanā dantā radāstālu tu kākudam |
ambiguous	san-Latn?	8152	oṣṭhādharau tu radanacchadau daśanavāsasī |	AK 2.6.90ab: oṣṭhādharau tu radanacchadau daśanavāsasī |
ambiguous	san-Latn?	8153	adharo dantacchada oṣṭha ucyate dantavāsaś ca ||	AbhRM 524cd: adharo dantacchada oṣṭha ucyate dantavāsaś ca ||
ambiguous	san-Latn?	8179	pīṭhe śmaśruṇi kūrco 'strī bhrūmadhye katthane kuśe |	VaiJ 6.5.20ab: pīṭhe śmaśruṇi kūrco 'strī bhrūmadhye katthane kuśe |
ambiguous	san-Latn?	8227	cīrāyuṣa	Could it be read as cīrāyuṣa?
ambiguous	san-Latn?	8265	sr̥ṇikā syandinī lālā dūṣikā netrayor malam |	AK 2.6.67ab: sr̥ṇikā syandinī lālā dūṣikā netrayor malam |
ambiguous	san-Latn?	8267	atha śyāmalake lālā lavalī lāvalī phalā |	VaiJ 3.3.26ab: atha śyāmalake lālā lavalī lāvalī phalā |
ambiguous	san-Latn?	8335	varāṅga	Another option is varāṅga.
ambiguous	san-Latn?	8421	niveśa	Or niveśa?
ambiguous	san-Latn?	8426	chatvaro mandire syān nikuñje tathā 'thetvaro durvidhe nīcake cādhvage	KKT p. 321.30ab: chatvaro mandire syān nikuñje tathā 'thetvaro durvidhe nīcake cādhvage |
ambiguous	san-Latn?	8459	abhāvo nāśe saṁkrāmasaṁkramau durgasaṁcare ||	AbhCM 1517cd: abhāvo nāśe saṁkrāmasaṁkramau durgasaṁcare ||
ambiguous	san-Latn?	8485	sravasvara	Could it be sravasvara?
ambiguous	san-Latn?	8508	kakṣāpaṭas tu kaupīne samau naktakakarpaṭau |	AbhCM 1399-1400: kakṣāpaṭas tu kaupīne samau naktakakarpaṭau |
ambiguous	san-Latn?	8568	syād ālavālam āvālamāvāpo 'tha nadī sarit || taraṅgiṇī śaivalinī taṭinī hrādinī dhunī | srotasvatī dvīpavatī sravantī nimnagāpagā	AK 2.7.29cd-30: syād ālavālam āvālamāvāpo 'tha nadī sarit || taraṅgiṇī śaivalinī taṭinī hrādinī dhunī | srotasvatī dvīpa
ambiguous	san-Latn?	8612	virahavidhurakokadvandvabandhurvibhindan | kupitakapikapolakroḍatāmrastamāṁsi ||	AṬS I.3: virahavidhurakokadvandvabandhurvibhindan | kupitakapikapolakroḍatāmrastamāṁsi ||
ambiguous	san-Latn?	8660	tamī tamisrā kathitā tamasvinī, vibhāvarī naktamukhā ca śarvarī | kṣapā triyāmā kṣaṇadā niśīthinī, niśā ca doṣā rajanī ca yāminī || vasatir vāsateyī ca śyāmā rātriśca kathyate |	AbhRM 107–108ab: tamī tamisrā kathitā tamasvinī, vibhāvarī naktamukhā ca śarvarī | kṣapā triyāmā kṣaṇadā niśīthinī, niśā
ambiguous	san-Latn?	8668	tapa	LC offers tapa as emendation only in his critical apparatus, not in the edition.
ambiguous	san-Latn?	8668	grīṣma	LC offers grīṣma as emendation only in his critical apparatus, not in the edition.
ambiguous	san-Latn?	8686	paṇyavikrayaśālā syād āpaṇo vipaṇis tathā ||	AbhRM 296cd: paṇyavikrayaśālā syād āpaṇo vipaṇis tathā ||
ambiguous	san-Latn?	8774	puṣpaśara	Could it be puṣpaśara or palasara?
ambiguous	san-Latn?	8774	palasara	Could it be puṣpaśara or palasara?
ambiguous	san-Latn?	8802	karavīre karīre tu krakaragranthilāvubhau |	AK 2.4.77ab: karavīre karīre tu krakaragranthilāvubhau |
ambiguous	san-Latn?	8859	phalapūro bījapūro rucako mātuluṅgake ||	AK 2.4.78cd: phalapūro bījapūro rucako mātuluṅgake ||
ambiguous	san-Latn?	9010	tr̥ṇarājāhvayas tālo nālikeras tu lāṅgalī ||	AK 2.4.113ab: tr̥ṇarājāhvayas tālo nālikeras tu lāṅgalī ||
ambiguous	san-Latn?	9011	kapitthas tu dadhiphalo nālikeras tu lāṅgalī |	AbhCM 1151cd: kapitthas tu dadhiphalo nālikeras tu lāṅgalī |
ambiguous	san-Latn?	9037	kadalī vāraṇabusā rambhā mocāṁśumatphalā |	AK 2.4.113ab: kadalī vāraṇabusā rambhā mocāṁśumatphalā |
ambiguous	san-Latn?	9039	tr̥ṇarājas talas tālo rambhā mocā kadaly api ||	AbhCM 1136cd: tr̥ṇarājas talas tālo rambhā mocā kadaly api ||
ambiguous	san-Latn?	9173	vaidehako vāṇijike vaiśyāputre ca śūdraje |	DhK p. 10: vaidehako vāṇijike vaiśyāputre ca śūdraje |
ambiguous	san-Latn?	9174	vāṇijako vāṇijiko vāṇijyakāra ity api ||	SRĀv p. 147: vaṇig vaidehakaḥ sārthavāhanaigamavāṇijāḥ | vāṇijako vāṇijiko vāṇijyakāra ity api ||
ambiguous	san-Latn?	9185	kramādātithyātitheye atithyarthe 'tra sādhuni || syur āveśika āgantur atithir nā gr̥hāgate |	AK 2.7.33cd–34ab: kramādātithyātitheye atithyarthe 'tra sādhuni || syur āveśika āgantur atithir nā gr̥hāgate |
ambiguous	san-Latn?	9188	ātithyo 'tithir āgantur iti ca mālā	AKU 118: ātithyo 'tithir āgantur iti ca mālā
ambiguous	san-Latn?	9292	adagaṅ	The , as edited in , provides this synonym as the 120th, while  &amp;  it is the 111th. This suggests that the scribe of
ambiguous	san-Latn?	9292	kuvoṅ	The , as edited in , provides this synonym as the 120th, while  &amp;  it is the 111th. This suggests that the scribe of
ambiguous	san-Latn?	9296	syād ālavālam āvālamāvāpo 'tha nadī sarit || taraṅgiṇī śaivalinī taṭinī hrādinī dhunī | srotasvatī dvīpavatī sravantī nimnagāpagā	AK 2.7.29cd–30: syād ālavālam āvālamāvāpo 'tha nadī sarit || taraṅgiṇī śaivalinī taṭinī hrādinī dhunī | srotasvatī dvīpa
ambiguous	san-Latn?	9380	yattiryakkṣiptamurasi śikhāsvāpīḍaśekharau ||	AK 2.6.136cd: yattiryakkṣiptamurasi śikhāsvāpīḍaśekharau ||
ambiguous	san-Latn?	9404	siñjinī pādakaṭakas tulākoṭistu nūpuram	AbhRM 561: siñjinī pādakaṭakas tulākoṭistu nūpuram| mañjīraṁ haṁsakaṁ strīṇāṁ caraṇābharaṇaṁ smr̥tam ||
ambiguous	san-Latn?	9439	taraṅge bhaṅgavīcyūrmyutkalikā mahati tviha ||	AbhCM 1075cd: taraṅge bhaṅgavīcyūrmyutkalikā mahati tviha ||
ambiguous	san-Latn?	9557	agādham atalasparśe kaivarte dāśadhīvarau ||	AK 1.10.15cd: agādham atalasparśe kaivarte dāśadhīvarau ||
ambiguous	san-Latn?	9568	r̥kṣācchabhallabhallūkā gaṇḍake khaḍgakhaḍginau |	AK 2.5.4ab: r̥kṣācchabhallabhallūkā gaṇḍake khaḍgakhaḍginau |
ambiguous	san-Latn?	9579	undurur mūṣako 'py ākhur girikā bālamūṣikā ||	AK 2.5.12ab: undurur mūṣako 'py ākhur girikā bālamūṣikā ||
ambiguous	san-Latn?	9590	undurur mūṣako 'py ākhur girikā bālamūṣikā ||	AK 2.5.12ab: undurur mūṣako 'py ākhur girikā bālamūṣikā ||
ambiguous	san-Latn?	9593	undurus tuṭumo randhrababhrur dīnā tu mūṣikā ||	TKŚ p. 44.10cd: undurus tuṭumo randhrababhrur dīnā tu mūṣikā ||
ambiguous	san-Latn?	9611	kāṣṭhakīṭa	Or kāṣṭhakīṭa instead of kīṭa?
ambiguous	san-Latn?	9611	kīṭa	Or kāṣṭhakīṭa instead of kīṭa?
ambiguous	san-Latn?	9684	nalamīna	Perhaps error transmission of Skt. nalamīna.
ambiguous	san-Latn?	9684	cilicima	Perhaps error transmission of Skt. cilicima.
ambiguous	san-Latn?	9696	bhavet tilitso gonāso gonaso ghoṇaso 'pi ca |	AbhCM 1306ab: bhavet tilitso gonāso gonaso ghoṇaso 'pi ca |
ambiguous	san-Latn?	9703	sahasraviṣya	In Skt. lexicon, it is a synonym for sheatfish. Should this be emended to sahasraviṣya?
ambiguous	san-Latn?	9709	jagarah	LC silently emends jagarah to ajagarah.
ambiguous	san-Latn?	9709	ajagarah	LC silently emends jagarah to ajagarah.
ambiguous	san-Latn?	9715	bhavet tilitso gonāso gonaso ghoṇaso 'pi ca |	AbhCM 1306ab: bhavet tilitso gonāso gonaso ghoṇaso 'pi ca |
ambiguous	san-Latn?	9744	avahāra	LC offers avahāra as emendation but it is not applied in his edition.
ambiguous	san-Latn?	9836	patrī śyena ulūkas tu vāyasārātipecakau |	AK 2.4.15ab: patrī śyena ulūkas tu vāyasārātipecakau |
ambiguous	san-Latn?	9871	ātāyicillau dākṣāyyagr̥dhrau kīraśukau samau ||	AK 2.4.21b: ātāyicillau dākṣāyyagr̥dhrau kīraśukau samau ||
ambiguous	san-Latn?	9873	kāmāyau tu gr̥dhragutsau dākṣāyyaśca dakṣāyyavat |	ŚRĀk 801: kāmāyau tu gr̥dhragutsau dākṣāyyaśca dakṣāyyavat |
ambiguous	san-Latn?	9904	ātāyicillau dākṣāyyagr̥dhrau kīraśukau samau ||	AK 2.5.21cd: ātāyicillau dākṣāyyagr̥dhrau kīraśukau samau ||
ambiguous	san-Latn?	9953	oṣṭhādharau tu radanacchadau daśanavāsasī |	AK 2.6.90ab: oṣṭhādharau tu radanacchadau daśanavāsasī |
ambiguous	san-Latn?	9954	adharo dantacchada oṣṭha ucyate dantavāsaś ca ||	AbhRM 524cd: adharo dantacchada oṣṭha ucyate dantavāsaś ca ||
ambiguous	san-Latn?	9956	ghrāṇamoṣṭhādharau dantacchadau daśanavāsasī ||	ŚRĀk 1080cd: ghrāṇamoṣṭhādharau dantacchadau daśanavāsasī ||
ambiguous	san-Latn?	10026	varāṅga	Another option is varāṅga.
ambiguous	san-Latn?	10070	dhanvā jaṅgaladeśe syād dhanvacāpe sthale 'pi ca | ātmā dehamanobrahmasvabhāvadhr̥tibuddhiṣu ||	ViśPr 115: dhanvā jaṅgaladeśe syād dhanvacāpe sthale 'pi ca | ātmā dehamanobrahmasvabhāvadhr̥tibuddhiṣu ||
ambiguous	san-Latn?	10080	nikuñjakuñjau vā klībe latādipihitodare ||	AK 2.3.8cd: nikuñjakuñjau vā klībe latādipihitodare ||
ambiguous	san-Latn?	10093	nikuñjakuñjau vā klībe latādipihitodare ||	AK 2.3.8cd: nikuñjakuñjau vā klībe latādipihitodare ||
ambiguous	san-Latn?	10258	santāpitasantaptau dhūpitadhūpāyitau ca dūnaś ca ||	AK 3.1.102cd: santāpitasantaptau dhūpitadhūpāyitau ca dūnaś ca ||
ambiguous	san-Latn?	10287	syūtaprasevau kaṇḍolapiṭau kaṭakiliñjakau ||	AK 2.9.26cd: syūtaprasevau kaṇḍolapiṭau kaṭakiliñjakau ||
ambiguous	san-Latn?	10307	drughaṇo mudgaraghanau syādīlī karavālikā |	AK 2.8.91ab: drughaṇo mudgaraghanau syādīlī karavālikā |
ambiguous	san-Latn?	10423	tr̥ṇarājāh vayastālo nālikeras tu lāṅgalī ||	AK 2.4.168cd: tr̥ṇarājāh vayastālo nālikeras tu lāṅgalī ||
ambiguous	san-Latn?	10425	tr̥ṇarājas talastālo rambhā mocā kadaly api ||	AbhCM 1136cd: tr̥ṇarājas talastālo rambhā mocā kadaly api ||
ambiguous	san-Latn?	10468	bilve śāṇḍilyaśailūṣau mālūraśrīphalāv api |	AK 2.4.32ab: bilve śāṇḍilyaśailūṣau mālūraśrīphalāv api |
ambiguous	san-Latn?	10503	karkāruratha kūṣmāṇḍas tumby alābūś ca dugdhikā |	AbhRM 583ab: karkāruratha kūṣmāṇḍas tumby alābūś ca dugdhikā |
ambiguous	san-Latn?	10515	cirbhaṭī karkaṭī vāluky ervārus trapusī ca sā |	AbhCM 1189ab: cirbhaṭī karkaṭī vāluky ervārus trapusī ca sā |
ambiguous	san-Latn?	10537	niśākhyā kāñcanī pītā haridrā varavarṇinī |	AK 2.9.41ab: niśākhyā kāñcanī pītā haridrā varavarṇinī |
ambiguous	san-Latn?	10540	haridrā kāñcanī pītā niśākhyā varavarṇinī |	AbhCM 418ab: haridrā kāñcanī pītā niśākhyā varavarṇinī |
ambiguous	san-Latn?	10549	apāṅgau netrayor antau kaṭākṣo 'pāṅgadarśane |	AK 2.5.94ab: apāṅgau netrayor antau kaṭākṣo 'pāṅgadarśane |
ambiguous	san-Latn?	10551	apāṅgau netrayor antau dvāvimau naraliṅgakau ||	KKT p. 20.9ab: apāṅgau netrayor antau dvāvimau naraliṅgakau ||
ambiguous	san-Latn?	10574	puṁsyuttaṁsāvataṁsau dvau karṇapūre 'pi śekhare ||	AK 3.3.228cd: puṁsyuttaṁsāvataṁsau dvau karṇapūre 'pi śekhare ||
ambiguous	san-Latn?	10647	maṇḍūkaparṇī bhaṇḍīrī bhaṇḍī yojanavally api |	AK 2.4.91ab: maṇḍūkaparṇī bhaṇḍīrī bhaṇḍī yojanavally api |
ambiguous	san-Latn?	10678	pāṁśulā bandhukī svairiṇyasatī puṁścalītvarī | dharṣiṇī kulaṭā proktā tvavinītābhisārikā ||	AbhRM 496: pāṁśulā bandhukī svairiṇyasatī puṁścalītvarī | dharṣiṇī kulaṭā proktā tvavinītābhisārikā ||
ambiguous	san-Latn?	10690	jhillīkā cīrī syāt saraghā madhumakṣikā bhavet kṣudrā |	AbhRM 256ab: jhillīkā cīrī syāt saraghā madhumakṣikā bhavet kṣudrā |
ambiguous	san-Latn?	10691	tailāṭī varaṭā gandholī syāc cīrī tu cīrukā || jhillīkā jhillikā varṣakarī bhr̥ṅgārikā ca sā |	AbhCM 1215cd–1216ab: tailāṭī varaṭā gandholī syāc cīrī tu cīrukā || jhillīkā jhillikā varṣakarī bhr̥ṅgārikā ca sā |
ambiguous	san-Latn?	10754	kāśmarī bhadraparṇī śrīparṇy amlikā tu tintiḍī ||	AbhCM 1143cd: kāśmarī bhadraparṇī śrīparṇy amlikā tu tintiḍī ||
ambiguous	san-Latn?	10813	candrikā kaumudī jyotsnā prasādas tu prasannatā ||	AK 1.3.16ab: candrikā kaumudī jyotsnā prasādas tu prasannatā ||
ambiguous	san-Latn?	10824	jatukājinapatrā syāt paroṣṇī tailapāyikā |	AK 2.4.26ab: jatukājinapatrā syāt paroṣṇī tailapāyikā |
ambiguous	san-Latn?	10825	jatukājinapatrā syāt paroṣṇī tailapāyikā |	VaiJ 2.3.44ab: jatukājinapatrā syāt paroṣṇī tailapāyikā |
ambiguous	san-Latn?	10826	valgulikā mukhaviṣṭā paroṣṇī tailapāyikā |	AbhCM 1337ab: valgulikā mukhaviṣṭā paroṣṇī tailapāyikā |
ambiguous	san-Latn?	10835	jatukājinapatrā syāt paroṣṇī tailapāyikā |	AK 2.4.26ab: jatukājinapatrā syāt paroṣṇī tailapāyikā |
ambiguous	san-Latn?	10836	jatukājinapatrā syāt paroṣṇī tailapāyikā |	VaiJ 2.3.44ab: jatukājinapatrā syāt paroṣṇī tailapāyikā |
ambiguous	san-Latn?	10846	pataṅgikā puttikā syād daṅśas tu vanamakṣikā |	AK 2.5.27ab: pataṅgikā puttikā syād daṅśas tu vanamakṣikā |
ambiguous	san-Latn?	10847	varvaṇā makṣikā nīlā puttikā tu pataṅgikā ||	AbhCM 1214cd: varvaṇā makṣikā nīlā puttikā tu pataṅgikā ||
ambiguous	san-Latn?	10857	tailāṭī varaṭā gandholī syāc cīrī tu cīrukā ||	AbhCM 1215cd: tailāṭī varaṭā gandholī syāc cīrī tu cīrukā ||
ambiguous	san-Latn?	10872	varvaṇā makṣikā nīlā saraghā madhumakṣikā ||	AK 2.4.26cd: varvaṇā makṣikā nīlā saraghā madhumakṣikā ||
ambiguous	san-Latn?	10873	varvaṇā makṣikā nīlā puttikā tu pataṅgikā ||	AbhCM 1214cd: varvaṇā makṣikā nīlā puttikā tu pataṅgikā ||
ambiguous	san-Latn?	10903	godhā nihākā gaudheragaudhārau duṣṭa tat sute |	AbhCM 1297ab: godhā nihākā gaudheragaudhārau duṣṭa tat sute |
ambiguous	san-Latn?	10924	paṇyavikrayaśālā syād āpaṇo vipaṇis tathā ||	AbhRM 296cd: paṇyavikrayaśālā syād āpaṇo vipaṇis tathā ||
ambiguous	san-Latn?	10950	saṁmārjanī śodhanī syāt saṅkaro 'vakaras tathā ||	AK 2.2.18cd: saṁmārjanī śodhanī syāt saṅkaro 'vakaras tathā ||
ambiguous	san-Latn?	10974	śibikā yāpyayāne 'tha dolā preṅkhādikā bhavet ||	AbhCM 758cd: śibikā yāpyayāne 'tha dolā preṅkhādikā bhavet ||
ambiguous	san-Latn?	10986	sphuliṅgo 'gnikaṇo 'lātajvālolkā 'lātam ulmukam |	AbhCM 1103ab: sphuliṅgo 'gnikaṇo 'lātajvālolkā 'lātam ulmukam |
ambiguous	san-Latn?	11006	āsphoṭā girikarṇī syād viṣṇukrāntāparājitā |	AK 2.4.104ab: āsphoṭā girikarṇī syād viṣṇukrāntāparājitā |
ambiguous	san-Latn?	11007	kośātakī paṭolī syād girikarṇy aparājitā ||	AbhRM 202cd: kośātakī paṭolī syād girikarṇy aparājitā ||
ambiguous	san-Latn?	11008	śvadaṁṣṭrā sthalaśr̥ṅgāṭo girikarṇy aparājitā ||	AbhCM 1156cd: śvadaṁṣṭrā sthalaśr̥ṅgāṭo girikarṇy aparājitā ||
ambiguous	san-Latn?	11070	niśākhyā kāñcanī pītā haridrā varavarṇinī |	AK 2.9.41ab: niśākhyā kāñcanī pītā haridrā varavarṇinī |
ambiguous	san-Latn?	11073	haridrā kāñcanī pītā niśākhyā varavarṇinī |	AbhCM 418ab: haridrā kāñcanī pītā niśākhyā varavarṇinī |
ambiguous	san-Latn?	11094	nidigdhikā spr̥śī vyāghrī br̥hatī kaṇṭakārikā || pracodanī kulī kṣudrā duḥsparśā rāṣṭrikety api |	AK 2.4.93cd–94ab: nidigdhikā spr̥śī vyāghrī br̥hatī kaṇṭakārikā || pracodanī kulī kṣudrā duḥsparśā rāṣṭrikety api |
ambiguous	san-Latn?	11107	āmayāvī samau glāsnuglānau pāmanakacchurau |	VaiJ 4.4.145ab: āmayāvī samau glāsnuglānau pāmanakacchurau |
ambiguous	san-Latn?	11176	mañjiṣṭā vikasā jiṅgī samaṅgā kālameṣikā ||	AK 2.4.90cd: mañjiṣṭā vikasā jiṅgī samaṅgā kālameṣikā ||
ambiguous	san-Latn?	11186	saptalā ca navamālikā smr̥tā ||	AbhRM 207cd: saptalā ca navamālikā smr̥tā ||
ambiguous	san-Latn?	11225	śāribā	In some AK commentaries, it is spelled śāribā.
ambiguous	san-Latn?	11228	śyāmā śārivā syād anantotpalaśārivā |	AK 2.4.112ab: śyāmā śārivā syād anantotpalaśārivā |
ambiguous	san-Latn?	11254	sūryalatā	Should it be read sūryalatā?
ambiguous	san-Latn?	11257	arkabhaktā tu varadā sūryakāntā suvarcalā ||	KDK p. 307.522cd: arkabhaktā tu varadā sūryakāntā suvarcalā ||
ambiguous	san-Latn?	11268	haimavatī	AĀSam 638ab: vacārgauryor haimavatī varjanaṁ tyāgahiṁsayoḥ || It shoud be vacāgauryor haimavatī varjanaṁ tyāgahiṁsayoḥ, 
ambiguous	san-Latn?	11268	vacā	AĀSam 638ab: vacārgauryor haimavatī varjanaṁ tyāgahiṁsayoḥ || It shoud be vacāgauryor haimavatī varjanaṁ tyāgahiṁsayoḥ, 
ambiguous	san-Latn?	11268	gaurī	AĀSam 638ab: vacārgauryor haimavatī varjanaṁ tyāgahiṁsayoḥ || It shoud be vacāgauryor haimavatī varjanaṁ tyāgahiṁsayoḥ, 
ambiguous	san-Latn?	11268	varjana	AĀSam 638ab: vacārgauryor haimavatī varjanaṁ tyāgahiṁsayoḥ || It shoud be vacāgauryor haimavatī varjanaṁ tyāgahiṁsayoḥ, 
ambiguous	san-Latn?	11271	agnyutpātau dhūmaketū vacā gaurī ca kāñcanī ||	AĀK 365cd: agnyutpātau dhūmaketū vacā gaurī ca kāñcanī ||
ambiguous	san-Latn?	11297	vamry upadīkā likṣā tu rikṣā yūkā ca ṣaṭpadī ||	AbhCM 1208: vamry upadīkā likṣā tu rikṣā yūkā ca ṣaṭpadī ||
ambiguous	san-Latn?	11306	picumandaś ca nimbe 'tha picchilāguruśiṁśapā |	AK 2.4.63ab: picumandaś ca nimbe 'tha picchilāguruśiṁśapā | The variant reading śiṁśupā is attested in APVivr̥t 2.4.62
ambiguous	san-Latn?	11306	śiṁśupā	AK 2.4.63ab: picumandaś ca nimbe 'tha picchilāguruśiṁśapā | The variant reading śiṁśupā is attested in APVivr̥t 2.4.62
ambiguous	san-Latn?	11322	śāṇī goṇī chidravastre jalārdrā klinnavāsasi |	AbhCM 679ab: śāṇī goṇī chidravastre jalārdrā klinnavāsasi |
ambiguous	san-Latn?	11344	nāpitasyopakaraṇe karttanī karbhikābhidhe ||	AbhRM 460ab: nāpitasyopakaraṇe karttanī karbhikābhidhe ||
ambiguous	san-Latn?	11447	tamālapatratilakacitrakāṇi viśeṣakam |	AK 2.6.123ab: tamālapatratilakacitrakāṇi viśeṣakam |
ambiguous	san-Latn?	11509	antarīyopasaṁvyānaparidhānāny adhoṁśuke |	AK 2.5.117ab: antarīyopasaṁvyānaparidhānāny adhoṁśuke |
ambiguous	san-Latn?	11521	hasany apyatha na strī syād aṅgāro 'lātamulmukam |	AK 2.9.30ab: hasany apyatha na strī syād aṅgāro 'lātamulmukam |
ambiguous	san-Latn?	11523	sphuliṅgo 'gnikaṇo 'lātajvālolkā 'lātam ulmukam |	AbhCM 1103: sphuliṅgo 'gnikaṇo 'lātajvālolkā 'lātam ulmukam |
ambiguous	san-Latn?	11538	aśvasyāskanditābhikhyagatau ca tri tu tadvati |	NAAS p. 34.102ab: aśvasyāskanditābhikhyagatau ca tri tu tadvati |
ambiguous	san-Latn?	11571	gopānasī tu valabhī chādane vakradāruṇi |	AK 2.2.15ab: gopānasī tu valabhī chādane vakradāruṇi |
ambiguous	san-Latn?	11572	ācchādane saṁpidhānam apavāraṇam ity ubhe ||	AK 3.3.125ab: ācchādane saṁpidhānam apavāraṇam ity ubhe ||
ambiguous	san-Latn?	11609	korakajālakakalikākuḍmalamukulāni tulyāni ||	AbhRM 186cd: korakajālakakalikākuḍmalamukulāni tulyāni ||
ambiguous	san-Latn?	11628	Mahāprāṇa	See Chapter 17 Mahāprāṇa verse 25
ambiguous	san-Latn?	11631	mahārajate	AK 3.3.136cd: syān mahārajate klībaṁ kusumbhaṁ karake pumān |. Some editions reading mahārajate for mahārajane. This is 
ambiguous	san-Latn?	11631	mahārajane	AK 3.3.136cd: syān mahārajate klībaṁ kusumbhaṁ karake pumān |. Some editions reading mahārajate for mahārajane. This is 
ambiguous	kaw-Latn?	11645	uḍupuṣpam	AK 2.4.76–77ab: oṇḍrapuṣpaṁ japā puṣpaṁ vajrapuṣpaṁ tilasya yat | pratihāsaśataprāsacaṇḍātahayamārakāḥ || karavīre karīr
ambiguous	kaw-Latn?	11645	oṇḍrapuṣpam	AK 2.4.76–77ab: oṇḍrapuṣpaṁ japā puṣpaṁ vajrapuṣpaṁ tilasya yat | pratihāsaśataprāsacaṇḍātahayamārakāḥ || karavīre karīr
ambiguous	san-Latn?	11648	oḍrapuṣpam abhidhīyate japā,	AbhRM 207c: oḍrapuṣpam abhidhīyate japā,
ambiguous	san-Latn?	11649	japākusumasaṁkāśā lohinī parikīrtitā ||	AbhRM 738cd: japākusumasaṁkāśā lohinī parikīrtitā ||
ambiguous	san-Latn?	11658	sasya	The reading sasya in  may have originated from  prior to its fragmentation.
ambiguous	san-Latn?	11669	dhānyanalaka	The emendation dhānyanalaka (or dhānyanālaka) is proposed here to match the gloss dami, as it would mean "tube of paddy"
ambiguous	san-Latn?	11669	dhānyanālaka	The emendation dhānyanalaka (or dhānyanālaka) is proposed here to match the gloss dami, as it would mean "tube of paddy"
ambiguous	san-Latn?	11669	dami	The emendation dhānyanalaka (or dhānyanālaka) is proposed here to match the gloss dami, as it would mean "tube of paddy"
ambiguous	san-Latn?	11669	dhānyakalka	The emendation dhānyanalaka (or dhānyanālaka) is proposed here to match the gloss dami, as it would mean "tube of paddy"
ambiguous	san-Latn?	11669	kośa	The emendation dhānyanalaka (or dhānyanālaka) is proposed here to match the gloss dami, as it would mean "tube of paddy"
ambiguous	san-Latn?	11669	nala	The emendation dhānyanalaka (or dhānyanālaka) is proposed here to match the gloss dami, as it would mean "tube of paddy"
ambiguous	san-Latn?	11669	naḍa	The emendation dhānyanalaka (or dhānyanālaka) is proposed here to match the gloss dami, as it would mean "tube of paddy"
ambiguous	kaw-Latn?	11716	uṇḍina	LC inadvertently overlooked the reading of uṇḍina in .
ambiguous	san-Latn?	11716	uḍḍīnakāṣṭhā	This reading is unclear. The word uḍḍīnakāṣṭhā (or what lies behind the manuscript readings) is not expected and does no
ambiguous	san-Latn?	11716	paścātśarīra	This reading is unclear. The word uḍḍīnakāṣṭhā (or what lies behind the manuscript readings) is not expected and does no
ambiguous	san-Latn?	11720	praḍīnoḍḍīnasaṁḍīnaḍayanāni nabhogatau ||	AbhCM 1318cd: praḍīnoḍḍīnasaṁḍīnaḍayanāni nabhogatau ||
ambiguous	san-Latn?	11783	bāhubhūṣāṇakarabhūṣam	AbhCM 662cd: keyūram aṅgadaṁ bāhubhūṣātha karabhūṣaṇam | Error of edition or e-text for -bāhubhūṣāṇakarabhūṣam?
ambiguous	san-Latn?	11825	avarodho nr̥pagr̥he tirodhāne nr̥pāṅgane |	ŚRĀv p. 233: avarodho nr̥pagr̥he tirodhāne nr̥pāṅgane |
ambiguous	san-Latn?	11874	maṇiko 'liñjaro gargarīkalasyau tu manthanī ||	AbhCM 1022cd: maṇiko 'liñjaro gargarīkalasyau tu manthanī ||
ambiguous	san-Latn?	11948	peśīkośo 'ṇḍe kulāyo nīḍe kekī tu sarpabhuk |	AbhCM 1319ab: peśīkośo 'ṇḍe kulāyo nīḍe kekī tu sarpabhuk |
ambiguous	san-Latn?	12013	kapālakarparau tulyau pr̥ṣṭhasyāsthni kaśerukā |	AbhCM 627ab: kapālakarparau tulyau pr̥ṣṭhasyāsthni kaśerukā |
ambiguous	san-Latn?	12152	avan	Should be read as avan?
ambiguous	san-Latn?	12155	uccaprāṁśūnnatodagrocchritās tuṅge 'tha vāmane ||	AK 3.1.142: uccaprāṁśūnnatodagrocchritās tuṅge 'tha vāmane ||
ambiguous	san-Latn?	12157	antare	AbhCM 1428cd–1429ab: dīrghāyate same tuṅgam uccam unnatam uddhuram || prāṁśūcchritam udagraṁ ca nyaṅ nīcaṁ hrasvam antha
